browser,classic-computer,flash,github,globe,labels,pub_key,twitter,Apparels,High School,Simulation Game,Merchant Service,Web-based Game,Mobile,Groceries,Search,Music,Travel,Payment,Commercial,Mining,Explorer,Games,Restaurant,Physical Store,Economics,Virtual Store,Productivity,Wallet,Fitness,Classic Game,Education,Security,Accounting,University,Gadgets,Internet of Things,Magazine,Visualization,Protocol,College,Exchange,News,Consulting,Strategy Game,Kids,Video,Server,Banking,Auction,RPG,num_valid_labels
https://1ml.com,,,,,"['Visualization', 'Testing', 'Security', 'Search', 'Protocol']",0217890e3aad8d35bc054f43acc00084b25229ecff0ab68debd82883ad65ee8266,LNstats,0,0,0,0,0,0,0,1,0,0,0,0,0,0,0,0,0,0,0,0,0,0,0,0,1,0,0,0,0,0,1,1,0,0,0,0,0,0,0,0,0,0,0,4
https://zigzag.io,Ubuntu,lnd,https://github.com/bitlum,,['Exchange'],0232e20e7b68b9b673fb25f48322b151a93186bffe4550045040673797ceca43cf,http://twitter.com/bitlumio,0,0,0,0,0,0,0,0,0,0,0,0,0,0,0,0,0,0,0,0,0,0,0,0,0,0,0,0,0,0,0,0,0,1,0,0,0,0,0,0,0,0,0,1
https://tippin.me,,lnd,,,"['Wallet', 'Payment']",03c2abfa93eacec04721c019644584424aab2ba4dff3ac9bdab4e9c97007491dda,,0,0,0,0,0,0,0,0,0,0,1,0,0,0,0,0,0,0,0,0,1,0,0,0,0,0,0,0,0,0,0,0,0,0,0,0,0,0,0,0,0,0,0,2
https://coingate.com,Linux,lnd,https://github.com/coingate,,"['Payment', 'Merchant Service', 'Exchange', 'Commercial', 'Banking']",0242a4ae0c5bef18048fbecf995094b74bfb0f7391418d71ed394784373f41e4f3,CoinGatecom,0,0,0,1,0,0,0,0,0,0,1,1,0,0,0,0,0,0,0,0,0,0,0,0,0,0,0,0,0,0,0,0,0,1,0,0,0,0,0,0,1,0,0,5
,Linux Debian,"lnd, git master",,,"['Payment', 'Open Source']",02cdf83ef8e45908b1092125d25c68dcec7751ca8d39f557775cd842e5bc127469,,0,0,0,0,0,0,0,0,0,0,1,0,0,0,0,0,0,0,0,0,0,0,0,0,0,0,0,0,0,0,0,0,0,0,0,0,0,0,0,0,0,0,0,1
https://www.lightningslotmachine.com/,Linux,lnd,,,"['Web-based Game', 'Virtual Store', 'Simulation Game', 'Payment', 'Classic Game']",039f01ad62e5208940faff11d0bbc997582eafad7642aaf53de6a5f6551ab73400,,0,0,1,0,1,0,0,0,0,0,1,0,0,0,0,0,0,0,1,0,0,0,1,0,0,0,0,0,0,0,0,0,0,0,0,0,0,0,0,0,0,0,0,5
https://www.livingroomofsatoshi.com,,lnd,,,"['Payment', 'Merchant Service']",026c7d28784791a4b31a64eb34d9ab01552055b795919165e6ae886de637632efb,@roomofsatoshi,0,0,0,1,0,0,0,0,0,0,1,0,0,0,0,0,0,0,0,0,0,0,0,0,0,0,0,0,0,0,0,0,0,0,0,0,0,0,0,0,0,0,0,2
https://lntip.me,,lnd,,,"['Testing', 'Payment', 'Magazine', 'Explorer']",032cc4541b25e86e39a7d450a979c1a9adbe2878df3a93fcb59c96c700bfe26aa3,GlenLeeRoberts,0,0,0,0,0,0,0,0,0,0,1,0,0,1,0,0,0,0,0,0,0,0,0,0,0,0,0,0,0,1,0,0,0,0,0,0,0,0,0,0,0,0,0,3
https://lnroute.com,,LND,,,"['Search', 'Productivity', 'Payment', 'News']",031f8400b123834edd5736de9aac14ec0d77c11bff27f5a6eb0da5f6ce66ef0975,@lnroute,0,0,0,0,0,0,0,1,0,0,1,0,0,0,0,0,0,0,0,1,0,0,0,0,0,0,0,0,0,0,0,0,0,0,1,0,0,0,0,0,0,0,0,4
https://joltfun.com/,,,,,['Virtual Store'],0374ecf61ed6c1208c42339f47decde2bc0c4393ac95f07827b3471e939d7eb961,,0,0,0,0,0,0,0,0,0,0,0,0,0,0,0,0,0,0,1,0,0,0,0,0,0,0,0,0,0,0,0,0,0,0,0,0,0,0,0,0,0,0,0,1
,,lnd,,,"['Virtual Store', 'Testing', 'Open Source']",0237fefbe8626bf888de0cad8c73630e32746a22a2c4faa91c1d9877a3826e1174,,0,0,0,0,0,0,0,0,0,0,0,0,0,0,0,0,0,0,1,0,0,0,0,0,0,0,0,0,0,0,0,0,0,0,0,0,0,0,0,0,0,0,0,1
https://www.livingroomofsatoshi.com,,lnd,,,"['Wallet', 'Payment', 'Merchant Service']",02004c625d622245606a1ea2c1c69cfb4516b703b47945a3647713c05fe4aaeb1c,@roomofsatoshi,0,0,0,1,0,0,0,0,0,0,1,0,0,0,0,0,0,0,0,0,1,0,0,0,0,0,0,0,0,0,0,0,0,0,0,0,0,0,0,0,0,0,0,3
http://www.arctic-crypto.com,Windows,Eclair,,,"['Virtual Store', 'Physical Store', 'News', 'Gadgets', 'Consulting']",02f3067188240c75beb36477db63771f66c976f7e5bdd6f6ace5508396aba24815,,0,0,0,0,0,0,0,0,0,0,0,0,0,0,0,0,1,0,1,0,0,0,0,0,0,0,0,1,0,0,0,0,0,0,1,1,0,0,0,0,0,0,0,5
https://lightning-casino.com,Linux,LND,,,"['Web-based Game', 'Classic Game']",02725e5abcbf5550fc29e6b19706a1377f25d2b1502684f9be9965b6deac167520,,0,0,0,0,1,0,0,0,0,0,0,0,0,0,0,0,0,0,0,0,0,0,1,0,0,0,0,0,0,0,0,0,0,0,0,0,0,0,0,0,0,0,0,2
https://www.southxchange.com,,lnd,,,['Exchange'],0260fab633066ed7b1d9b9b8a0fac87e1579d1709e874d28a0d171a1f5c43bb877,southxchange,0,0,0,0,0,0,0,0,0,0,0,0,0,0,0,0,0,0,0,0,0,0,0,0,0,0,0,0,0,0,0,0,0,1,0,0,0,0,0,0,0,0,0,1
http://goodln.com/,,eclair,,,"['Server', 'Exchange']",03369be10d4a62551fc13dbc15c2c586104482814315f7becfa5cd7499a3e69e9d,,0,0,0,0,0,0,0,0,0,0,0,0,0,0,0,0,0,0,0,0,0,0,0,0,0,0,0,0,0,0,0,0,0,1,0,0,0,0,0,1,0,0,0,2
,,LND,,,"['Wallet', 'Virtual Store', 'Testing', 'Payment', 'Exchange']",036b343eb46c5db996d3d1e2c6cc9742cbfa7e3b4146d4b4b0aef694b6d12960c8,,0,0,0,0,0,0,0,0,0,0,1,0,0,0,0,0,0,0,1,0,1,0,0,0,0,0,0,0,0,0,0,0,0,1,0,0,0,0,0,0,0,0,0,4
https://lightningnetwork.games/,RASPIBLITZ,LND,,,"['Web-based Game', 'Testing', 'Strategy Game', 'Productivity', 'Auction']",03ab2157b6b046ad0f499d3b6552acedadeda7a09c6c3542df52efc2ac8d756b0f,,0,0,0,0,1,0,0,0,0,0,0,0,0,0,0,0,0,0,0,1,0,0,0,0,0,0,0,0,0,0,0,0,0,0,0,0,1,0,0,0,0,1,0,4
,,lnd,,,['Server'],025cb2d324ae423d32984c7fc74edd7185b9fc9bd473d389f12483e3738d526600,,0,0,0,0,0,0,0,0,0,0,0,0,0,0,0,0,0,0,0,0,0,0,0,0,0,0,0,0,0,0,0,0,0,0,0,0,0,0,0,1,0,0,0,1
https://bitsoapbox.com/1ml,,lnd,,,"['Travel', 'Payment', 'News', 'Economics']",021607cfce19a4c5e7e6e738663dfafbbbac262e4ff76c2c9b30dbeefc35c00643,BTCHarvest,0,0,0,0,0,0,0,0,0,1,1,0,0,0,0,0,0,1,0,0,0,0,0,0,0,0,0,0,0,0,0,0,0,0,1,0,0,0,0,0,0,0,0,4
https://hodlcat.com,Ubuntu,LND,,,"['Virtual Store', 'Apparels']",02e5067afb7be9470214acc10d7b3ebc39e84cd7de57d86cc3598514fa6d821229,@hodlcat_com,1,0,0,0,0,0,0,0,0,0,0,0,0,0,0,0,0,0,1,0,0,0,0,0,0,0,0,0,0,0,0,0,0,0,0,0,0,0,0,0,0,0,0,2
https://www.blockchainenables.com/,,,,,"['Restaurant', 'Physical Store', 'Groceries']",03e5a594f574f845409d474c105c5d233291f94d1fba4ee6a4de595c576bd2f4e1,@sukru09347068,0,0,0,0,0,0,1,0,0,0,0,0,0,0,0,1,1,0,0,0,0,0,0,0,0,0,0,0,0,0,0,0,0,0,0,0,0,0,0,0,0,0,0,3
,Raspbian,LND,,,"['Merchant Service', 'Explorer', 'Consulting']",036ac04a69f2ab587fd83c4f2aca255a81f138276fbca344ac3ecfae28d733be56,,0,0,0,1,0,0,0,0,0,0,0,0,0,1,0,0,0,0,0,0,0,0,0,0,0,0,0,0,0,0,0,0,0,0,0,1,0,0,0,0,0,0,0,3
https://lnwallet.io,,,,,"['Wallet', 'Productivity', 'Payment', 'Merchant Service', 'Banking']",03b6cad4d044d42e9d9537650dd4a84806733dd00013f862bc8342fb40e28474bd,,0,0,0,1,0,0,0,0,0,0,1,0,0,0,0,0,0,0,0,1,1,0,0,0,0,0,0,0,0,0,0,0,0,0,0,0,0,0,0,0,1,0,0,5
https://btcwonderland.com,,lnd,,,"['Virtual Store', 'Payment', 'Merchant Service', 'Apparels']",02b33a23440fe60ebab1aa737f1b3de5edbb0353f41f0dac79319d7652a9aed1be,@BTCWonderland,1,0,0,1,0,0,0,0,0,0,1,0,0,0,0,0,0,0,1,0,0,0,0,0,0,0,0,0,0,0,0,0,0,0,0,0,0,0,0,0,0,0,0,4
,Raspbian Stretch,LND,,,['Payment'],030dff591fa1b0b4f9e31f4ef595624d6bf0e55a51bbb6949fe337de19c4033c1a,,0,0,0,0,0,0,0,0,0,0,1,0,0,0,0,0,0,0,0,0,0,0,0,0,0,0,0,0,0,0,0,0,0,0,0,0,0,0,0,0,0,0,0,1
https://www.thelnd.com,,,,,['Merchant Service'],032e04b67641c00444af1d83145c0b63bac8316a6afb8fec0f87938295ed8bb129,,0,0,0,1,0,0,0,0,0,0,0,0,0,0,0,0,0,0,0,0,0,0,0,0,0,0,0,0,0,0,0,0,0,0,0,0,0,0,0,0,0,0,0,1
,CASA,LND,,,"['Wallet', 'Testing', 'Payment', 'Fitness', 'Explorer']",02f9c7deb297e32fc3d3d55f336176055cd667a2fada0bd5663e7413e1aba55b86,,0,0,0,0,0,0,0,0,0,0,1,0,0,1,0,0,0,0,0,0,1,1,0,0,0,0,0,0,0,0,0,0,0,0,0,0,0,0,0,0,0,0,0,4
http://www.resourcedata.com,Ubuntu,lnd,https://github.com/resdat,,"['Security', 'Consulting', 'Commercial']",030043d0a2cfb69d80867094eb030f8abde7a5dc36e1a0faece73e614cf779bde8,,0,0,0,0,0,0,0,0,0,0,0,1,0,0,0,0,0,0,0,0,0,0,0,0,1,0,0,0,0,0,0,0,0,0,0,1,0,0,0,0,0,0,0,3
,,,,,"['Wallet', 'Payment', 'Merchant Service', 'Exchange', 'Auction']",0200072fd301cb4a680f26d87c28b705ccd6a1d5b00f1b5efd7fe5f998f1bbb1f1,,0,0,0,1,0,0,0,0,0,0,1,0,0,0,0,0,0,0,0,0,1,0,0,0,0,0,0,0,0,0,0,0,0,1,0,0,0,0,0,0,0,1,0,5
https://coldbit.com,,,,,"['Physical Store', 'Merchant Service', 'Gadgets']",0348eb55a7cd2332c3bcf5cf1bd81732d96d99caa56290de57eb02fac3c997d217,,0,0,0,1,0,0,0,0,0,0,0,0,0,0,0,0,1,0,0,0,0,0,0,0,0,0,0,1,0,0,0,0,0,0,0,0,0,0,0,0,0,0,0,3
,OS X,eclair,,,"['Virtual Store', 'Security', 'Mobile', 'Mining']",023c1f3d0efc623da2829a41426b324245133f99840363435c2e98086de3494bb7,DangerGuero,0,0,0,0,0,1,0,0,0,0,0,0,1,0,0,0,0,0,1,0,0,0,0,0,1,0,0,0,0,0,0,0,0,0,0,0,0,0,0,0,0,0,0,4
,Debian 9,lnd,,,"['Wallet', 'Testing', 'Server', 'Open Source', 'Internet of Things']",02059220fa2153fb6d7768d7d67c6b86f441f83b7046aea492f2018f7b800edfa9,,0,0,0,0,0,0,0,0,0,0,0,0,0,0,0,0,0,0,0,0,1,0,0,0,0,0,0,0,1,0,0,0,0,0,0,0,0,0,0,1,0,0,0,3
https://comproeuro.it,Linux,026be75781a35ca22732200f5bc82a1e8a21248154e950a1548bab0cdd44d2ec20@93.147.136.98:9735,,,"['Payment', 'Merchant Service', 'Banking']",026be75781a35ca22732200f5bc82a1e8a21248154e950a1548bab0cdd44d2ec20,@Bitshop3,0,0,0,1,0,0,0,0,0,0,1,0,0,0,0,0,0,0,0,0,0,0,0,0,0,0,0,0,0,0,0,0,0,0,0,0,0,0,0,0,1,0,0,3
https://peername.com/,Linux,LND,,,"['Virtual Store', 'Search', 'Merchant Service', 'Explorer', 'Commercial']",02e7c42ae2952d7a71398e23535b53ffc60deb269acbc7c10307e6b797b91b1e79,peernamecom,0,0,0,1,0,0,0,1,0,0,0,1,0,1,0,0,0,0,1,0,0,0,0,0,0,0,0,0,0,0,0,0,0,0,0,0,0,0,0,0,0,0,0,5
https://litego.io/,,,https://github.com/litegoio,,"['Wallet', 'Productivity', 'Payment', 'Open Source', 'Merchant Service']",02c12b5459cf107ee0440cae41902f1189db50fa003a077f3a6fbe6b5760218695,,0,0,0,1,0,0,0,0,0,0,1,0,0,0,0,0,0,0,0,1,1,0,0,0,0,0,0,0,0,0,0,0,0,0,0,0,0,0,0,0,0,0,0,4
,,,,,"['Payment', 'Merchant Service']",038ddc73e450a4bfb52992b35be8b0f52e1a1b4726ff319249a3314a508b616cde,,0,0,0,1,0,0,0,0,0,0,1,0,0,0,0,0,0,0,0,0,0,0,0,0,0,0,0,0,0,0,0,0,0,0,0,0,0,0,0,0,0,0,0,2
https://www.lightningslotmachine.com/,linux,lnd,,,"['Web-based Game', 'Simulation Game', 'Payment', 'Commercial', 'Classic Game']",027a0eaffb8e103f9059d2d40b7c2d8993affc169168ca1808f752ee36ccf196ee,,0,0,1,0,1,0,0,0,0,0,1,1,0,0,0,0,0,0,0,0,0,0,1,0,0,0,0,0,0,0,0,0,0,0,0,0,0,0,0,0,0,0,0,5
Https://Coincards.ca,,c-lightning,,Canada,"['Virtual Store', 'Exchange']",0312c02755c6a3475f872be27e71fdb7703a61a25777401a26125e1c772c7e0f6a,@coincards,0,0,0,0,0,0,0,0,0,0,0,0,0,0,0,0,0,0,1,0,0,0,0,0,0,0,0,0,0,0,0,0,0,1,0,0,0,0,0,0,0,0,0,2
https://ln.ealdorman.com,,,,,"['Virtual Store', 'Payment', 'News', 'Economics', 'Banking']",02b3877314aff657216ceac039244fe94e7116af10cfffac0232fefa5903c62a58,EaldormanInc,0,0,0,0,0,0,0,0,0,0,1,0,0,0,0,0,0,1,1,0,0,0,0,0,0,0,0,0,0,0,0,0,0,0,1,0,0,0,0,0,1,0,0,5
,,,,,"['Wallet', 'Testing', 'Payment']",03a6f9139dafd65a9ea12abeb0d11a46301b116992fef4f8064f0d1d415e14736e,PixelPushed,0,0,0,0,0,0,0,0,0,0,1,0,0,0,0,0,0,0,0,0,1,0,0,0,0,0,0,0,0,0,0,0,0,0,0,0,0,0,0,0,0,0,0,2
,,lnd 0.6-beta,,,['Payment'],0384417e479afb21bff425f467382f9c064ac08bd422ea36542fa6799e026d77e6,,0,0,0,0,0,0,0,0,0,0,1,0,0,0,0,0,0,0,0,0,0,0,0,0,0,0,0,0,0,0,0,0,0,0,0,0,0,0,0,0,0,0,0,1
,Red Star OS,LND,,,['Payment'],026bce917a5854f3c5140cc69c977d19a6d656554120b6dedf045b246941b858c5,,0,0,0,0,0,0,0,0,0,0,1,0,0,0,0,0,0,0,0,0,0,0,0,0,0,0,0,0,0,0,0,0,0,0,0,0,0,0,0,0,0,0,0,1
https://coinos.io/,ubuntu,lnd,https://github.com/asoltys/coinos.io,,['Wallet'],02868e12f320073cad0c2959c42559fbcfd1aa326fcb943492ed7f02c9820aa399,adamsoltys,0,0,0,0,0,0,0,0,0,0,0,0,0,0,0,0,0,0,0,0,1,0,0,0,0,0,0,0,0,0,0,0,0,0,0,0,0,0,0,0,0,0,0,1
https://twitter.com/talentpierre,raspbian,lnd,,,['Internet of Things'],03aedc5302d3fa4c33eb84f98287a78268d0cdfa70624f7708664264880f6b482c,@talentpierre,0,0,0,0,0,0,0,0,0,0,0,0,0,0,0,0,0,0,0,0,0,0,0,0,0,0,0,0,1,0,0,0,0,0,0,0,0,0,0,0,0,0,0,1
https://bc.elmit.com,Linux,C-lightning (Docker),https://github.com/elmit2015,,"['University', 'Productivity', 'Payment', 'Merchant Service']",035aef5661e1a6e370db60dc0455796800afd5b51fbc12a0a8b34836b15f5d7ef6,Elmit,0,0,0,1,0,0,0,0,0,0,1,0,0,0,0,0,0,0,0,1,0,0,0,0,0,0,1,0,0,0,0,0,0,0,0,0,0,0,0,0,0,0,0,4
,linux,c-lightning,,,"['Wallet', 'Payment', 'Mobile', 'Merchant Service', 'Exchange']",028303182c9885da93b3b25c9621d22cf34475e63c123942e402ab530c0556e675,,0,0,0,1,0,1,0,0,0,0,1,0,0,0,0,0,0,0,0,0,1,0,0,0,0,0,0,0,0,0,0,0,0,1,0,0,0,0,0,0,0,0,0,5
https://silverbucket.net,Linux,lnd,https://github.com/silverbucket,Czech Republic,"['Video', 'Travel', 'Open Source', 'Music']",02b9481fa492ea730eef90f29954ee978321e7e3fefde23c0fed99c7b5ff5d7093,slvrbckt,0,0,0,0,0,0,0,0,1,1,0,0,0,0,0,0,0,0,0,0,0,0,0,0,0,0,0,0,0,0,0,0,0,0,0,0,0,0,1,0,0,0,0,3
https://modularsynth.fun/shop/,,lnd,,,"['Virtual Store', 'Music', 'Gadgets']",03b907799963aa703feb3951634fc5a57d74e52855f292da67045be418f48638c9,@songproducer,0,0,0,0,0,0,0,0,1,0,0,0,0,0,0,0,0,0,1,0,0,0,0,0,0,0,0,1,0,0,0,0,0,0,0,0,0,0,0,0,0,0,0,3
https://medium.com/@BR_Robin/a-bitcoin-lightning-network-powered-rpg-penguinshooter-6d36cc34de0c,Linux (Raspberry Pi 3),LND,,,"['Virtual Store', 'Testing', 'RPG', 'Payment']",028a2f0ca33134cfd5f655ed942ddcd9feb4a879831416bb23858d1d60154b0936,@BR_Robin,0,0,0,0,0,0,0,0,0,0,1,0,0,0,0,0,0,0,1,0,0,0,0,0,0,0,0,0,0,0,0,0,0,0,0,0,0,0,0,0,0,0,1,3
https://bitbruno.com,Linux,lnd,,,['Virtual Store'],02308c54b63e2c1375a52ce6ca27b171188f99e7c274eaf14be396289d93fb6003,https://twitter.com/bitBstore,0,0,0,0,0,0,0,0,0,0,0,0,0,0,0,0,0,0,1,0,0,0,0,0,0,0,0,0,0,0,0,0,0,0,0,0,0,0,0,0,0,0,0,1
https://manifesto.ai,Ubuntu,c-lightning,https://github.com/pandoraboxchain,,"['Server', 'Protocol', 'Open Source', 'Mining', 'Internet of Things']",027135bde95583d9bc9660075fbbbc2e298ed8217f67106c4fb507d2f2cd04d2bb,pandoraboxchain,0,0,0,0,0,0,0,0,0,0,0,0,1,0,0,0,0,0,0,0,0,0,0,0,0,0,0,0,1,0,0,1,0,0,0,0,0,0,0,1,0,0,0,4
https://creampay.io,,,,,"['Wallet', 'Payment', 'Merchant Service']",02c69a0b4cb468660348d6d457d9212563ad08fb94d424395da6796fb74a13f276,CreamPayIO,0,0,0,1,0,0,0,0,0,0,1,0,0,0,0,0,0,0,0,0,1,0,0,0,0,0,0,0,0,0,0,0,0,0,0,0,0,0,0,0,0,0,0,3
https://store.blockstream.com,,c-lightning,https://github.com/ElementsProject,,"['Physical Store', 'Open Source', 'Commercial', 'Apparels']",02f6725f9c1c40333b67faea92fd211c183050f28df32cac3f9d69685fe9665432,@blockstream,1,0,0,0,0,0,0,0,0,0,0,1,0,0,0,0,1,0,0,0,0,0,0,0,0,0,0,0,0,0,0,0,0,0,0,0,0,0,0,0,0,0,0,3
,,LND,,,"['Wallet', 'Testing', 'Open Source', 'Mobile']",03cac8425d15440dec66f7a86155f2f457301aa434a6abdb82af2252ef477e7eb0,,0,0,0,0,0,1,0,0,0,0,0,0,0,0,0,0,0,0,0,0,1,0,0,0,0,0,0,0,0,0,0,0,0,0,0,0,0,0,0,0,0,0,0,2
,Raspiblitz v1.1,lnd,,,"['Wallet', 'Testing', 'Payment', 'Open Source']",03a7a27ebb3f50b75db5cf633d42e02976f1e0bd15960781e8986d6f52b93fce19,@lutz_k,0,0,0,0,0,0,0,0,0,0,1,0,0,0,0,0,0,0,0,0,1,0,0,0,0,0,0,0,0,0,0,0,0,0,0,0,0,0,0,0,0,0,0,2
https://WearsMyLiberty.com,,LND,,,"['Virtual Store', 'Payment', 'Apparels']",03d0087b718ce9259b36485995094a2065a378135925f9a71a5daf2500300fe662,WearsMyLiberty,1,0,0,0,0,0,0,0,0,0,1,0,0,0,0,0,0,0,1,0,0,0,0,0,0,0,0,0,0,0,0,0,0,0,0,0,0,0,0,0,0,0,0,3
https://bitcoinwarrior.net/,RaspiBlitz,,,,"['Wallet', 'News']",02dbd9298c0e87143276440838c4c3b6adfd183fd19c9181cf38a550c6ad216b51,Bitcoin_Win,0,0,0,0,0,0,0,0,0,0,0,0,0,0,0,0,0,0,0,0,1,0,0,0,0,0,0,0,0,0,0,0,0,0,1,0,0,0,0,0,0,0,0,2
https://twitter.com/TristanLamonica,Rasberry Pi,lnd,,,"['Visualization', 'University', 'Server', 'Protocol', 'Payment']",0244ca64ee218a2a9be80880f218c8edcb19b609514780ebe4e229c25c5d7ab5a2,@TristanLamonica,0,0,0,0,0,0,0,0,0,0,1,0,0,0,0,0,0,0,0,0,0,0,0,0,0,0,1,0,0,0,1,1,0,0,0,0,0,0,0,1,0,0,0,5
,,lnd,,,"['Visualization', 'Virtual Store', 'Server', 'Productivity', 'Internet of Things']",02a45def9ae014fdd2603dd7033d157faa3a55a72b06a63ae22ef46d9fafdc6e8d,,0,0,0,0,0,0,0,0,0,0,0,0,0,0,0,0,0,0,1,1,0,0,0,0,0,0,0,0,1,0,1,0,0,0,0,0,0,0,0,1,0,0,0,5
https://xbtc.nl,GNU/Linux,C-lightning,,,"['Physical Store', 'Mining', 'Internet of Things', 'Gadgets']",03c4bb19c3a388d790968328b0f0d187a1a28597d3ad082200a47baadfdb6aee8d,,0,0,0,0,0,0,0,0,0,0,0,0,1,0,0,0,1,0,0,0,0,0,0,0,0,0,0,1,1,0,0,0,0,0,0,0,0,0,0,0,0,0,0,4
https://btcpayjungle.com,linux,c-lightning,https://github.com/btcpayjungle,,['Merchant Service'],0265e5791c617b6e1dfe04137e71c0c959201592bd7fe3f1bb085c35595b72646c,https://twitter.com/lab_jungle,0,0,0,1,0,0,0,0,0,0,0,0,0,0,0,0,0,0,0,0,0,0,0,0,0,0,0,0,0,0,0,0,0,0,0,0,0,0,0,0,0,0,0,1
https://ftp.halifax.rwth-aachen.de,Linux,lnd,,,"['University', 'Open Source']",027ce055380348d7812d2ae7745701c9f93e70c1adeb2657f053f91df4f2843c71,,0,0,0,0,0,0,0,0,0,0,0,0,0,0,0,0,0,0,0,0,0,0,0,0,0,0,1,0,0,0,0,0,0,0,0,0,0,0,0,0,0,0,0,1
https://stats.festivaldelhumor.org,Debian 9,lnd,,,"['Server', 'Payment', 'Open Source', 'Explorer', 'Exchange']",03ed88bb37c8c53c509d9a355e5a103614ebd30c98b7895ea4ccaddee262db190d,,0,0,0,0,0,0,0,0,0,0,1,0,0,1,0,0,0,0,0,0,0,0,0,0,0,0,0,0,0,0,0,0,0,1,0,0,0,0,0,1,0,0,0,4
https://webworker.sh,,lnd,https://github.com/webworker01/,,"['Security', 'Open Source', 'Mining', 'Consulting', 'Commercial']",03fab7f8655169ea77d9691d4bd359e97782cb6177a6f76383994ed9c262af97a5,webworker01,0,0,0,0,0,0,0,0,0,0,0,1,1,0,0,0,0,0,0,0,0,0,0,0,1,0,0,0,0,0,0,0,0,0,0,1,0,0,0,0,0,0,0,4
https://reckless.coffee,Ubuntu,,,,['Virtual Store'],0349fbcae322df983b6c74f65aadd1910544d2a8154a1a43a630b5a289aa3edad8,@reckless_coffee,0,0,0,0,0,0,0,0,0,0,0,0,0,0,0,0,0,0,1,0,0,0,0,0,0,0,0,0,0,0,0,0,0,0,0,0,0,0,0,0,0,0,0,1
http://shock.network,Ubuntu 18.04 LTS,LND,https://github.com/shocknet,,"['Wallet', 'Virtual Store', 'Protocol', 'Open Source', 'Merchant Service']",03785c99cd75dcd0b3f2f4cedc5a82e108396abba65f107e97d93e3fdb212d38f4,@CapitalistDog1,0,0,0,1,0,0,0,0,0,0,0,0,0,0,0,0,0,0,1,0,1,0,0,0,0,0,0,0,0,0,0,1,0,0,0,0,0,0,0,0,0,0,0,4
https://www.lightninggem.com,Ubuntu 18.04,lnd,https://github.com/sangaman,,"['Web-based Game', 'Testing', 'Open Source']",038118e0490f8d3df07b6bdc5e7034dee90d769012764d31bfeb167269866824f0,sangaman,0,0,0,0,1,0,0,0,0,0,0,0,0,0,0,0,0,0,0,0,0,0,0,0,0,0,0,0,0,0,0,0,0,0,0,0,0,0,0,0,0,0,0,1
https://powernode.io,,LND,,,"['Wallet', 'Payment', 'Mobile', 'Exchange', 'Banking']",02809e936f0e82dfce13bcc47c77112db068f569e1db29e7bf98bcdd68b838ee84,pchatzi,0,0,0,0,0,1,0,0,0,0,1,0,0,0,0,0,0,0,0,0,1,0,0,0,0,0,0,0,0,0,0,0,0,1,0,0,0,0,0,0,1,0,0,5
https://bitword.herokuapp.com,Casa Node,lnd,https://github.com/jivinjules,United States,"['Web-based Game', 'Strategy Game', 'Kids', 'Classic Game']",03a8355790b89f4d96963019eb9413b9a2c884691837ac976bacfe25a5212892d7,@jivinjules @TheRandomOne18,0,0,0,0,1,0,0,0,0,0,0,0,0,0,0,0,0,0,0,0,0,0,1,0,0,0,0,0,0,0,0,0,0,0,0,0,1,1,0,0,0,0,0,4
,,lnd,,,"['Virtual Store', 'Physical Store', 'Open Source', 'Internet of Things', 'Apparels']",035b017b7e0e490ded4d70efee7b131a490249672265de1bdb4b31df465e6a1b43,,1,0,0,0,0,0,0,0,0,0,0,0,0,0,0,0,1,0,1,0,0,0,0,0,0,0,0,0,1,0,0,0,0,0,0,0,0,0,0,0,0,0,0,4
https://www.livingroomofsatoshi.com,,c-lightning,,,"['Wallet', 'Payment', 'Merchant Service']",026b105ac13212c48714c6be9b11577a9ce10f10e1c88a45ce217e6331209faf8b,@roomofsatoshi,0,0,0,1,0,0,0,0,0,0,1,0,0,0,0,0,0,0,0,0,1,0,0,0,0,0,0,0,0,0,0,0,0,0,0,0,0,0,0,0,0,0,0,3
https://popmin.net/,,lnd,,,"['Visualization', 'Testing', 'Search', 'Protocol', 'Explorer']",03d24a4d2c8841890779f3c788cd269d467ad8ff8fcfdc21c8ceead42c7dd7f04b,popmin_net,0,0,0,0,0,0,0,1,0,0,0,0,0,1,0,0,0,0,0,0,0,0,0,0,0,0,0,0,0,0,1,1,0,0,0,0,0,0,0,0,0,0,0,4
,,LND,,,"['Travel', 'Testing', 'RPG', 'Music', 'Mining']",023bf99414b3e93ab7463ce60f44cd691f8be3c1ae33a2015fe784c85c36e770cf,The Goon,0,0,0,0,0,0,0,0,1,1,0,0,1,0,0,0,0,0,0,0,0,0,0,0,0,0,0,0,0,0,0,0,0,0,0,0,0,0,0,0,0,0,1,4
https://www.joo-bar.com,Linux,LND,,Singapore,"['Virtual Store', 'Restaurant', 'Physical Store', 'Payment', 'Merchant Service']",03aca0142349abf19e96a3c9231d556a1525182b659e8b2ae5328efbd01ff227e1,@joobarsg,0,0,0,1,0,0,0,0,0,0,1,0,0,0,0,1,1,0,1,0,0,0,0,0,0,0,0,0,0,0,0,0,0,0,0,0,0,0,0,0,0,0,0,5
https://coinninja.com,ubuntu,lnd,,,"['Wallet', 'Productivity', 'Payment', 'Merchant Service']",0330f0afe893e809d8790b26b40d9353f586ef0894d4ae704d06be24538c030457,ninja_coin,0,0,0,1,0,0,0,0,0,0,1,0,0,0,0,0,0,0,0,1,1,0,0,0,0,0,0,0,0,0,0,0,0,0,0,0,0,0,0,0,0,0,0,4
http://cyphercore.io/,Linux,lnd,https://github.com/jim380/,,"['Wallet', 'Server', 'Security', 'Payment', 'Merchant Service']",037cc080c5dc8f93adc60ef89b5fbc5d83bbafa931888aa47c8e5a08de6f35d6b5,jim380,0,0,0,1,0,0,0,0,0,0,1,0,0,0,0,0,0,0,0,0,1,0,0,0,1,0,0,0,0,0,0,0,0,0,0,0,0,0,0,1,0,0,0,5
,Ubuntu 18.04 LTS,lnd,https://github.com/Stadicus/guides,Switzerland,"['Server', 'Open Source']",0215f33968047401f191b2c3203ece6d5781ca7f2c018e7795d5e5ddc05c8b4ebd,@Stadicus3000,0,0,0,0,0,0,0,0,0,0,0,0,0,0,0,0,0,0,0,0,0,0,0,0,0,0,0,0,0,0,0,0,0,0,0,0,0,0,0,1,0,0,0,1
https://wbird.jp,Debian GNU/Linux,lnd,,,['Security'],02d7617044629514778fe063a5ea498b992ef65a2e7721648dc673983b3ba36264,@wbirdjp,0,0,0,0,0,0,0,0,0,0,0,0,0,0,0,0,0,0,0,0,0,0,0,0,1,0,0,0,0,0,0,0,0,0,0,0,0,0,0,0,0,0,0,1
,Casa Node,lnd,,United States,"['Virtual Store', 'Security', 'Protocol', 'Payment', 'Economics']",03ffbf7ef99f52555d40b3eee011dc6042541fa5f49629cbfb64f8c1730726b101,@phat_channel,0,0,0,0,0,0,0,0,0,0,1,0,0,0,0,0,0,1,1,0,0,0,0,0,1,0,0,0,0,0,0,1,0,0,0,0,0,0,0,0,0,0,0,5
http://lbtil.com,,aclair,https://github.com/btieth,,"['Wallet', 'Payment', 'Merchant Service', 'Exchange']",02baf5476270b437cb04ff2683b0866bbeb8f24353377b9b66415cf72ba61083d9,twitter.com/BTIletsbuildit,0,0,0,1,0,0,0,0,0,0,1,0,0,0,0,0,0,0,0,0,1,0,0,0,0,0,0,0,0,0,0,0,0,1,0,0,0,0,0,0,0,0,0,4
https://quesoselpilar.com,,c-lightning,,,"['Virtual Store', 'Physical Store', 'Groceries']",0276e09a267592e7451a939c932cf685f0754de382a3ca85d2fb3a864d4c365ad5,,0,0,0,0,0,0,1,0,0,0,0,0,0,0,0,0,1,0,1,0,0,0,0,0,0,0,0,0,0,0,0,0,0,0,0,0,0,0,0,0,0,0,0,3
https://satoshis.games,,LND,,,['Games'],036e8a8efeb26f3cffce99f462839ef6ea3b1691d569d59c402be0d3d6cef9b79c,@SatoshisGames,0,0,0,0,0,0,0,0,0,0,0,0,0,0,1,0,0,0,0,0,0,0,0,0,0,0,0,0,0,0,0,0,0,0,0,0,0,0,0,0,0,0,0,1
,,,,,"['Open Source', 'Economics']",02ee8c40b64c2bd14bba4a7a7a80b06065f3a683b2f02b9580be5e8bffe201beda,,0,0,0,0,0,0,0,0,0,0,0,0,0,0,0,0,0,1,0,0,0,0,0,0,0,0,0,0,0,0,0,0,0,0,0,0,0,0,0,0,0,0,0,1
https://ln-ask.me,Linux,lnd,https://github.com/Kixunil,,"['Security', 'Open Source', 'Consulting', 'Commercial']",028ff87c9ad3f2889f69bed50048e15b2df9174aa248bb757f7a2726577e3a7031,kixunil,0,0,0,0,0,0,0,0,0,0,0,1,0,0,0,0,0,0,0,0,0,0,0,0,1,0,0,0,0,0,0,0,0,0,0,1,0,0,0,0,0,0,0,3
https://www.lightningplayground.co,,c-lightning,,,"['Web-based Game', 'Wallet', 'Strategy Game', 'Payment', 'Merchant Service']",0230d70b0506aa447a1db407cc04e41448ab92bbd373f5c9a1029a40f357fcdcad,@PayLightning,0,0,0,1,1,0,0,0,0,0,1,0,0,0,0,0,0,0,0,0,1,0,0,0,0,0,0,0,0,0,0,0,0,0,0,0,1,0,0,0,0,0,0,5
http://lightningprintings.com,,Lnd,,,"['Productivity', 'Physical Store']",036a33e92cda2679ac91ac0467acb1ba33396c0df1119521653e0f269c275dd6bf,@fr4nz82,0,0,0,0,0,0,0,0,0,0,0,0,0,0,0,0,1,0,0,1,0,0,0,0,0,0,0,0,0,0,0,0,0,0,0,0,0,0,0,0,0,0,0,2
https://the.lightning.land,The one with a penguin,,https://github.com/the-lightning-land,,"['Virtual Store', 'Payment', 'Open Source', 'Gadgets']",033d485a2aa57e0b868da2e5c32471c3256f9114734b78abfa6ae55cbdacbd5c3d,@the-lightning-land,0,0,0,0,0,0,0,0,0,0,1,0,0,0,0,0,0,0,1,0,0,0,0,0,0,0,0,1,0,0,0,0,0,0,0,0,0,0,0,0,0,0,0,3
,Linux,lnd,,,"['Payment', 'Merchant Service', 'Economics']",02bb55bedcd6b47a4d6e1a2e945d156a2637f62cf5d3b0dfee6080fdaa634d6c48,,0,0,0,1,0,0,0,0,0,0,1,0,0,0,0,0,0,1,0,0,0,0,0,0,0,0,0,0,0,0,0,0,0,0,0,0,0,0,0,0,0,0,0,3
,,lnd,,,"['Server', 'Open Source', 'Mobile']",0242290d02d2cd0d0edd3754541eda6c4b71e58df2c8fc88513c3d8190e8120a4b,thinkmassive,0,0,0,0,0,1,0,0,0,0,0,0,0,0,0,0,0,0,0,0,0,0,0,0,0,0,0,0,0,0,0,0,0,0,0,0,0,0,0,1,0,0,0,2
https://flat18.co.uk,Ubuntu,c-lightning,,Trinidad and Tobago,"['Productivity', 'Open Source', 'Merchant Service']",03ff77e3929315ce2174b2657b19945517b18d07174f8be22036dd8d4b354bc456,vswee,0,0,0,1,0,0,0,0,0,0,0,0,0,0,0,0,0,0,0,1,0,0,0,0,0,0,0,0,0,0,0,0,0,0,0,0,0,0,0,0,0,0,0,2
http://lightmy.world,,,,,"['Payment', 'Merchant Service', 'Internet of Things', 'Economics', 'Banking']",03166a818eb5b9245f2838795f96928815fcb8e010aac7f5e4d5e3e18f6f21c066,,0,0,0,1,0,0,0,0,0,0,1,0,0,0,0,0,0,1,0,0,0,0,0,0,0,0,0,0,1,0,0,0,0,0,0,0,0,0,0,0,1,0,0,5
https://nolim1t.co/2019/03/09/retiring-clearnet-lightning-node.html,alpine linux (LNCM),lnd 0.6.0,https://github.com/nolim1t,Thailand,"['Testing', 'Protocol']",032658fa3a01177b381618af9a5b92f95d90b801752ef1a43f88b81b192f891bdb,nolim1t,0,0,0,0,0,0,0,0,0,0,0,0,0,0,0,0,0,0,0,0,0,0,0,0,0,0,0,0,0,0,0,1,0,0,0,0,0,0,0,0,0,0,0,1
https://btcpay110149.lndyn.com,Ubuntu,lnd,,,"['Server', 'Restaurant', 'Open Source', 'Merchant Service']",039026382473c677f291d6a16b8b6b5af02813cc018336330fc3f34828f3d8d062,https://twitter.com/ILay30,0,0,0,1,0,0,0,0,0,0,0,0,0,0,0,1,0,0,0,0,0,0,0,0,0,0,0,0,0,0,0,0,0,0,0,0,0,0,0,1,0,0,0,3
https://inpay.pl,,lnd,,,"['Payment', 'Merchant Service']",020425b428e51b983880a8450d01596fb161b3f78f3fc66285c8ead01bfc897556,InPayTo,0,0,0,1,0,0,0,0,0,0,1,0,0,0,0,0,0,0,0,0,0,0,0,0,0,0,0,0,0,0,0,0,0,0,0,0,0,0,0,0,0,0,0,2
https://microlancer.io,Linux,c-lightning,,,"['Productivity', 'Payment', 'Exchange']",038df0bd2fad1bfe42d177f18ea5e33543e2b855ef369d06bd94b81d2c87187c82,@Microlancer,0,0,0,0,0,0,0,0,0,0,1,0,0,0,0,0,0,0,0,1,0,0,0,0,0,0,0,0,0,0,0,0,0,1,0,0,0,0,0,0,0,0,0,3
https://lightning-network.ro,,c-lightning,,,"['Virtual Store', 'Payment', 'Open Source', 'Merchant Service']",03c492f46d8e0a6256bb9c5c42f2aed24717f70a3f39e0961419dee511688e3110,,0,0,0,1,0,0,0,0,0,0,1,0,0,0,0,0,0,0,1,0,0,0,0,0,0,0,0,0,0,0,0,0,0,0,0,0,0,0,0,0,0,0,0,3
https://www.hdcrypto.cz,Linux,LND,,,"['Payment', 'Exchange']",02cbc036f85c74f26edf19f5a8513a96d162282ab68aa62cee47439a553519ddd5,@HDCryptocz,0,0,0,0,0,0,0,0,0,0,1,0,0,0,0,0,0,0,0,0,0,0,0,0,0,0,0,0,0,0,0,0,0,1,0,0,0,0,0,0,0,0,0,2
,,Zap,,USA,"['Security', 'Open Source', 'Mining', 'Exchange', 'Auction']",0346b0f7d0a03791392036c5ac20c7b73dd4e4c0b207b62da24444cb37631f27d4,,0,0,0,0,0,0,0,0,0,0,0,0,1,0,0,0,0,0,0,0,0,0,0,0,1,0,0,0,0,0,0,0,0,1,0,0,0,0,0,0,0,1,0,4
,Raspberry PI,lnd,,,"['Server', 'Payment', 'Open Source']",03c7abcf7ef3d212faf3b48bc527bbd4e285579f71739d7be9ffeefbd5486a1727,,0,0,0,0,0,0,0,0,0,0,1,0,0,0,0,0,0,0,0,0,0,0,0,0,0,0,0,0,0,0,0,0,0,0,0,0,0,0,0,1,0,0,0,2
https://www.cryptoadvisorygroup.io,lnd,,,,"['Productivity', 'Payment', 'High School', 'Economics', 'Banking']",021d9deaf090a021c6e464e3becc5296161e8aaf5de3c7a1d517838cd74525834f,@CryptoAdvGroup,0,1,0,0,0,0,0,0,0,0,1,0,0,0,0,0,0,1,0,1,0,0,0,0,0,0,0,0,0,0,0,0,0,0,0,0,0,0,0,0,1,0,0,5
https://store.edberg.eu,Raspbian GNU/Linux 9 (stretch),lnd,https://github.com/M-e-s-s-i-a-h,,"['Virtual Store', 'Testing', 'Payment', 'Merchant Service', 'Gadgets']",03f2d334ab70d50623c889400941dc80874f38498e7d09029af0f701d7089aa516,https://twitter.com/RobEdb,0,0,0,1,0,0,0,0,0,0,1,0,0,0,0,0,0,0,1,0,0,0,0,0,0,0,0,1,0,0,0,0,0,0,0,0,0,0,0,0,0,0,0,4
,,lnd,,,"['Testing', 'Protocol']",02f302189b8c0028aa919e5441a5d7e80c82ebdff421219e34408acea58274a823,,0,0,0,0,0,0,0,0,0,0,0,0,0,0,0,0,0,0,0,0,0,0,0,0,0,0,0,0,0,0,0,1,0,0,0,0,0,0,0,0,0,0,0,1
,Parrot OS,lnd,,,"['Testing', 'Productivity']",02e0e951b20e9f7c35b840722abfe82337f7f65b4953e063a29c46e93c43dc4706,,0,0,0,0,0,0,0,0,0,0,0,0,0,0,0,0,0,0,0,1,0,0,0,0,0,0,0,0,0,0,0,0,0,0,0,0,0,0,0,0,0,0,0,1
,,lnd,,,"['Wallet', 'Payment', 'Merchant Service', 'Explorer', 'Banking']",025054cd53f3fb15384679da8d6eb9afa1369c13b3836ff3a8b5e11bc4cccb4c47,,0,0,0,1,0,0,0,0,0,0,1,0,0,1,0,0,0,0,0,0,1,0,0,0,0,0,0,0,0,0,0,0,0,0,0,0,0,0,0,0,1,0,0,5
,Raspberry PI OS,lnd,,Germany,"['Wallet', 'Testing', 'Payment', 'Open Source', 'Internet of Things']",03a9bee7638c96a67333f9cefece0e80c9e16a90b7c2fa3b041616e5d59f7bc64b,,0,0,0,0,0,0,0,0,0,0,1,0,0,0,0,0,0,0,0,0,1,0,0,0,0,0,0,0,1,0,0,0,0,0,0,0,0,0,0,0,0,0,0,3
https://litego.io/,,,https://github.com/litegoio,,"['Wallet', 'Productivity', 'Payment', 'Open Source', 'Merchant Service']",029aee02904d4e419770b93c1b07aae2814a79032e23cafb4024cbea6fb71be106,,0,0,0,1,0,0,0,0,0,0,1,0,0,0,0,0,0,0,0,1,1,0,0,0,0,0,0,0,0,0,0,0,0,0,0,0,0,0,0,0,0,0,0,4
https://virtualis.cash,CasaOS,lnd,,Hungary,"['Wallet', 'Visualization', 'Testing', 'Internet of Things', 'Explorer']",036385a8eabdf47efd79a46e0885b877d5bcc1bc85e763fb54e9ec947f7c904d24,Virtualiscash,0,0,0,0,0,0,0,0,0,0,0,0,0,1,0,0,0,0,0,0,1,0,0,0,0,0,0,0,1,0,1,0,0,0,0,0,0,0,0,0,0,0,0,4
,Linux,LND,,,"['Wallet', 'Testing']",034a6cbcc24be5ff1a3777e047933898ec6557ece040982cade99a47026c7f86e2,,0,0,0,0,0,0,0,0,0,0,0,0,0,0,0,0,0,0,0,0,1,0,0,0,0,0,0,0,0,0,0,0,0,0,0,0,0,0,0,0,0,0,0,1
http://ln.boxmining.com,ubuntu,lnd,,,"['Wallet', 'Testing', 'Productivity', 'Payment']",03ec1506021687ea90844a52f7ff2ee13f577391e848db090ebf059b82340576a5,boxmining,0,0,0,0,0,0,0,0,0,0,1,0,0,0,0,0,0,0,0,1,1,0,0,0,0,0,0,0,0,0,0,0,0,0,0,0,0,0,0,0,0,0,0,3
,raspiblitz,lnd,,,"['Payment', 'Mobile', 'Merchant Service', 'Banking', 'Accounting']",03b7f9605bda752d6a709d4cc6c5bfc5c04e4c1bfccdfabc5495426a23f9ae943e,,0,0,0,1,0,1,0,0,0,0,1,0,0,0,0,0,0,0,0,0,0,0,0,0,0,1,0,0,0,0,0,0,0,0,0,0,0,0,0,0,1,0,0,5
https://lnd-pay.gugger.guru,Linux,lnd,https://github.com/guggero,,"['Protocol', 'Payment', 'Commercial']",0256812a1cb2539a5500f3c1c20db5ed7626e3878a552e3356c032c7bec2b3060e,gugol,0,0,0,0,0,0,0,0,0,0,1,1,0,0,0,0,0,0,0,0,0,0,0,0,0,0,0,0,0,0,0,1,0,0,0,0,0,0,0,0,0,0,0,3
,Win7,Eclair,,,"['Testing', 'Explorer']",0205501bd093a4e68ed5a9e2398465c0e659d60c108e1793119beacb3ac0890607,,0,0,0,0,0,0,0,0,0,0,0,0,0,1,0,0,0,0,0,0,0,0,0,0,0,0,0,0,0,0,0,0,0,0,0,0,0,0,0,0,0,0,0,1
,,,,,"['Virtual Store', 'Protocol']",03bfe4a7bf6ff24b8dbe554e0227a52c81afbd2999d7cdd84646427b88a77d2885,,0,0,0,0,0,0,0,0,0,0,0,0,0,0,0,0,0,0,1,0,0,0,0,0,0,0,0,0,0,0,0,1,0,0,0,0,0,0,0,0,0,0,0,2
,Raspbian,LND,,South Africa,"['Testing', 'Payment']",03545c51d746aa26b502d1c0c41ebac5036c71a7033511f3808c79211ae11b956a,NicBrentBrown,0,0,0,0,0,0,0,0,0,0,1,0,0,0,0,0,0,0,0,0,0,0,0,0,0,0,0,0,0,0,0,0,0,0,0,0,0,0,0,0,0,0,0,1
http://34bytes.com,Ubuntu,lnd,,United States,['Merchant Service'],0303179487381b06bf756d201d58b507691eb9884d92619f8c15d4debd89e07fea,@34_Bytes,0,0,0,1,0,0,0,0,0,0,0,0,0,0,0,0,0,0,0,0,0,0,0,0,0,0,0,0,0,0,0,0,0,0,0,0,0,0,0,0,0,0,0,1
https://sensei.chat,fedora,c-lightning,,,"['Security', 'Search', 'Productivity', 'Open Source', 'Explorer']",03ca61dcef76c4c35311dfd9ae5ec242e2bfb14ea100d9642e8c73f192c2b2f048,sensei_chat,0,0,0,0,0,0,0,1,0,0,0,0,0,1,0,0,0,0,0,1,0,0,0,0,1,0,0,0,0,0,0,0,0,0,0,0,0,0,0,0,0,0,0,4
,,,,,"['Security', 'Payment']",03a5886df676f3b3216a4520156157b8d653e262b520281d8d325c24fd8b456b9c,,0,0,0,0,0,0,0,0,0,0,1,0,0,0,0,0,0,0,0,0,0,0,0,0,1,0,0,0,0,0,0,0,0,0,0,0,0,0,0,0,0,0,0,2
http://www.odean.com,,,,,"['Server', 'Productivity', 'Payment', 'Economics', 'Banking']",032060a40a94dc7b848d02314e4ccebe20f451dc87f28c1ed685caa58bfcc3989a,knifefight,0,0,0,0,0,0,0,0,0,0,1,0,0,0,0,0,0,1,0,1,0,0,0,0,0,0,0,0,0,0,0,0,0,0,0,0,0,0,0,1,1,0,0,5
https://ion.radar.tech,,LND,https://github.com/RadarTech,,"['Wallet', 'Testing', 'Open Source', 'News', 'Mobile']",0318070901e08df311cdc6cdb8a0b4a43a3690c5b32d1fb9d8e99d1a625a65e5f2,https://twitter.com/radar_ion,0,0,0,0,0,1,0,0,0,0,0,0,0,0,0,0,0,0,0,0,1,0,0,0,0,0,0,0,0,0,0,0,0,0,1,0,0,0,0,0,0,0,0,3
https://store.elmit.com,debian,clightning,,,"['Virtual Store', 'Testing', 'Restaurant', 'Productivity', 'Commercial']",0288f79705f1c2e17411d56119f516d55e267bf0aeb48258e1b005fe058fe8bbb8,ELMIT,0,0,0,0,0,0,0,0,0,0,0,1,0,0,0,1,0,0,1,1,0,0,0,0,0,0,0,0,0,0,0,0,0,0,0,0,0,0,0,0,0,0,0,4
https://lngames.net/,,c-lightning,,,"['Web-based Game', 'Testing', 'Simulation Game', 'Classic Game']",03952f8756c036669440e06c782c7f21732886ccf04052e0e6e792f8f5a490f6aa,lngames_net,0,0,1,0,1,0,0,0,0,0,0,0,0,0,0,0,0,0,0,0,0,0,1,0,0,0,0,0,0,0,0,0,0,0,0,0,0,0,0,0,0,0,0,3
,Virtualised Ubuntu,lnd,https://github.com/knutnyg,,"['Wallet', 'Testing']",028686d520cfdc8f7d234e879ea6fc7a963009afbcdafd0c40387e1cacfa1173ea,knudix,0,0,0,0,0,0,0,0,0,0,0,0,0,0,0,0,0,0,0,0,1,0,0,0,0,0,0,0,0,0,0,0,0,0,0,0,0,0,0,0,0,0,0,1
,,Casa Node,,,"['Wallet', 'Testing', 'Payment', 'Explorer']",02c287d1be9c9fa13d4ded0b0432b7e2367b1b20d822ab76546c4bb67cac1bc6e1,danielbalke,0,0,0,0,0,0,0,0,0,0,1,0,0,1,0,0,0,0,0,0,1,0,0,0,0,0,0,0,0,0,0,0,0,0,0,0,0,0,0,0,0,0,0,3
https://lightningpremium.eu/,Raspiblitz,Lnd,,,"['Server', 'Protocol', 'Payment', 'Open Source', 'Exchange']",02626318f968469fb1dcd0453536bbabaab8861be75d8cde7900e57aab1bd4f3ac,Omicron59,0,0,0,0,0,0,0,0,0,0,1,0,0,0,0,0,0,0,0,0,0,0,0,0,0,0,0,0,0,0,0,1,0,1,0,0,0,0,0,1,0,0,0,4
,,lnd,,,"['Virtual Store', 'Physical Store', 'Payment', 'Open Source', 'Merchant Service']",02d372f4e3a9cdeb39dc446834bae12ba0845f8aed048d4c0e32eb176c8e0ae8cc,,0,0,0,1,0,0,0,0,0,0,1,0,0,0,0,0,1,0,1,0,0,0,0,0,0,0,0,0,0,0,0,0,0,0,0,0,0,0,0,0,0,0,0,4
,,LND,,,"['Protocol', 'Payment', 'Open Source']",027be164a1ce7cca51a9fbfa2ce7d833dee7ee18827f4121e84e8132a2bd782418,,0,0,0,0,0,0,0,0,0,0,1,0,0,0,0,0,0,0,0,0,0,0,0,0,0,0,0,0,0,0,0,1,0,0,0,0,0,0,0,0,0,0,0,2
,,LND,,Japan,['Payment'],0238107198ba9e0e5fd5a0c67eac88e3633072885397c5925205891f8985e52078,,0,0,0,0,0,0,0,0,0,0,1,0,0,0,0,0,0,0,0,0,0,0,0,0,0,0,0,0,0,0,0,0,0,0,0,0,0,0,0,0,0,0,0,1
https://blockzilla.tech,,LND,https://github.com/blockzilladev,,"['Testing', 'Protocol', 'Explorer']",0308c6579e6596b4d5f3f247a8c37da072b11679f1fc67fe34ea7e8f83754e2b79,BlockzillaTech,0,0,0,0,0,0,0,0,0,0,0,0,0,1,0,0,0,0,0,0,0,0,0,0,0,0,0,0,0,0,0,1,0,0,0,0,0,0,0,0,0,0,0,2
,,lnd,,,"['Payment', 'Open Source', 'Explorer']",023b4a4d6a15556df1c487edf078b97ac85bd54d27f1b1d2cce4df130d85a6eb9c,,0,0,0,0,0,0,0,0,0,0,1,0,0,1,0,0,0,0,0,0,0,0,0,0,0,0,0,0,0,0,0,0,0,0,0,0,0,0,0,0,0,0,0,2
https://helvetiafintech.ch,Linux / DappNode,lnd,https://github.com/quiquee,,"['Payment', 'Merchant Service', 'Economics', 'Consulting', 'Accounting']",02b2012cb48304468627c689917397805b571f4e72d46dcc60d243a6382f6d787b,@locodelbitcoin,0,0,0,1,0,0,0,0,0,0,1,0,0,0,0,0,0,1,0,0,0,0,0,0,0,1,0,0,0,0,0,0,0,0,0,1,0,0,0,0,0,0,0,5
https://twitch.tv/amperture,linux,lnd,,,"['Open Source', 'Internet of Things']",0358b6d4e10b3a232b7b6f4acee3aab99b5f7f4e9a9e69bcecc875ea1e1a147681,amperture,0,0,0,0,0,0,0,0,0,0,0,0,0,0,0,0,0,0,0,0,0,0,0,0,0,0,0,0,1,0,0,0,0,0,0,0,0,0,0,0,0,0,0,1
https://mystore.elmit.com,linux,RaspiBlitz (LND),,,"['Wallet', 'Virtual Store', 'Physical Store', 'Payment', 'Groceries']",037dda58c0e1b81237f1fecf4cea99e9aaa5918fdbd0fb87042219f0b008ad10c1,Elmit,0,0,0,0,0,0,1,0,0,0,1,0,0,0,0,0,1,0,1,0,1,0,0,0,0,0,0,0,0,0,0,0,0,0,0,0,0,0,0,0,0,0,0,5
https://spookiestevie.com,raspbian stretch,lnd,,,"['Security', 'Payment', 'High School', 'College', 'Banking']",0232fe448d6f8e9e8e54394f3dc5b35013b7a3a3cd227ffce1bb81cc8d285cf0a5,spookiestevie_,0,1,0,0,0,0,0,0,0,0,1,0,0,0,0,0,0,0,0,0,0,0,0,0,1,0,0,0,0,0,0,0,1,0,0,0,0,0,0,0,1,0,0,5
,,,,,['Protocol'],031118c94f180709cb566f86396e345f7ad800a0be2d477b0c930a9677da91e46b,,0,0,0,0,0,0,0,0,0,0,0,0,0,0,0,0,0,0,0,0,0,0,0,0,0,0,0,0,0,0,0,1,0,0,0,0,0,0,0,0,0,0,0,1
http://paraeasy.ch,,c-lightning,,,['Fitness'],03a46be38d068c2bc5af3fc13da840790ed5643f3d6d27e5e34d67ed2aec16ce67,,0,0,0,0,0,0,0,0,0,0,0,0,0,0,0,0,0,0,0,0,0,1,0,0,0,0,0,0,0,0,0,0,0,0,0,0,0,0,0,0,0,0,0,1
,,lnd,,,"['Productivity', 'Gadgets', 'Fitness', 'Explorer', 'Economics']",02bab1ed43dc36ab58ed69edead8879b00c7ea64d1c7baa5580e23bdd924d3b811,,0,0,0,0,0,0,0,0,0,0,0,0,0,1,0,0,0,1,0,1,0,1,0,0,0,0,0,1,0,0,0,0,0,0,0,0,0,0,0,0,0,0,0,5
,,,,,"['Wallet', 'Testing', 'Productivity']",02222dd443181165571d236af531295e61212737507aa1cb9a05c82646ff3170ed,,0,0,0,0,0,0,0,0,0,0,0,0,0,0,0,0,0,0,0,1,1,0,0,0,0,0,0,0,0,0,0,0,0,0,0,0,0,0,0,0,0,0,0,2
https://cryptojacknews.com/lightningbits/,Ubuntu 16.04,lnd,,,"['Virtual Store', 'News', 'Magazine']",026e35eec68ecbceed027fa3e2d60ba4864aede095807beb1cb8ed422fa97a496c,@cryptojacknews,0,0,0,0,0,0,0,0,0,0,0,0,0,0,0,0,0,0,1,0,0,0,0,0,0,0,0,0,0,1,0,0,0,0,1,0,0,0,0,0,0,0,0,3
,,,,,"['Wallet', 'Payment']",02e05528006a0b51bb72a13d81b06520486ccf8aa69b3116a9797aa6d81517af03,pablo_gonzalez,0,0,0,0,0,0,0,0,0,0,1,0,0,0,0,0,0,0,0,0,1,0,0,0,0,0,0,0,0,0,0,0,0,0,0,0,0,0,0,0,0,0,0,2
,,lnd,https://github.com/tosch110,,"['Restaurant', 'Payment', 'Music', 'Merchant Service', 'Groceries']",03c57d464af77d2c9f099cc88ae532802f7e616621b259d459dbda2b55f7c90e8f,toschdev,0,0,0,1,0,0,1,0,1,0,1,0,0,0,0,1,0,0,0,0,0,0,0,0,0,0,0,0,0,0,0,0,0,0,0,0,0,0,0,0,0,0,0,5
,,,,,"['Testing', 'Payment']",02157422089f971f0daf19082712206e78134888006459818315ade43dd12d3950,@CryptoThrall,0,0,0,0,0,0,0,0,0,0,1,0,0,0,0,0,0,0,0,0,0,0,0,0,0,0,0,0,0,0,0,0,0,0,0,0,0,0,0,0,0,0,0,1
https://www.coinvergence.com,,,,,"['Wallet', 'Payment', 'Merchant Service', 'Banking']",03272335054dbc9c40166467bac93df1cba6f36fe36576cbf5c1144d5707851644,,0,0,0,1,0,0,0,0,0,0,1,0,0,0,0,0,0,0,0,0,1,0,0,0,0,0,0,0,0,0,0,0,0,0,0,0,0,0,0,0,1,0,0,4
https://amplify.no,,lnd,https://github.com/ohenrik,,"['Open Source', 'Consulting']",020c161a375dc8429726bf139f45ce480fd3eda67b629b3dae9fe226052f8c0d61,oleskogstrom,0,0,0,0,0,0,0,0,0,0,0,0,0,0,0,0,0,0,0,0,0,0,0,0,0,0,0,0,0,0,0,0,0,0,0,1,0,0,0,0,0,0,0,1
https://tippin.me/@MStifflers,,lnd,,,"['Wallet', 'Server', 'Payment', 'Open Source', 'Mobile']",0347fd7c35b603cc6e232df09332fc3427bce99664dde876b7b5082044c28ba40a,https://twitter.com/MStifflers,0,0,0,0,0,1,0,0,0,0,1,0,0,0,0,0,0,0,0,0,1,0,0,0,0,0,0,0,0,0,0,0,0,0,0,0,0,0,0,1,0,0,0,4
,Raspiblitz,lnd,,,"['Testing', 'Physical Store', 'Open Source', 'Merchant Service']",03fcdbd95bfd6479a09ff87cf8d9a58a38dcd0dcbeab7ad524b770c91d5a0aef14,https://twitter.com/_CONEJO,0,0,0,1,0,0,0,0,0,0,0,0,0,0,0,0,1,0,0,0,0,0,0,0,0,0,0,0,0,0,0,0,0,0,0,0,0,0,0,0,0,0,0,2
https://www.youtube.com/channel/UClTxM9vlBW2pRtaMjHATQFQ,,LND,,,['Productivity'],023337498d36817170316a6f3c64f5cb80ec5d4d7a1229f1a3cb2a2c0a8d99aba5,,0,0,0,0,0,0,0,0,0,0,0,0,0,0,0,0,0,0,0,1,0,0,0,0,0,0,0,0,0,0,0,0,0,0,0,0,0,0,0,0,0,0,0,1
,,LND 0.5.2-beta,,,"['Visualization', 'Virtual Store', 'University']",021506b60a4b38a2ec33b98608fb9d77f6cb2fd4f0f0c14b2ff55c250d100d8075,,0,0,0,0,0,0,0,0,0,0,0,0,0,0,0,0,0,0,1,0,0,0,0,0,0,0,1,0,0,0,1,0,0,0,0,0,0,0,0,0,0,0,0,3
https://werkleer.nl/,,,,,"['Testing', 'Education']",02eac5a6c5df6ce547d39ace2f71c17457ca15432497c5ed52e89e02d5592b8bd1,@CryptoBitchesNL,0,0,0,0,0,0,0,0,0,0,0,0,0,0,0,0,0,0,0,0,0,0,0,1,0,0,0,0,0,0,0,0,0,0,0,0,0,0,0,0,0,0,0,1
https://www.admco.biz,Ubuntu,lnd,,,['Mining'],029d8f5e059295c2328d9816e7825c381cd0e94d397e6016a627684173a19a947a,,0,0,0,0,0,0,0,0,0,0,0,0,1,0,0,0,0,0,0,0,0,0,0,0,0,0,0,0,0,0,0,0,0,0,0,0,0,0,0,0,0,0,0,1
http://martian-robotics.com/,,,,,"['Wallet', 'Payment', 'Banking']",0228f29786492abdc440097247c8c7600d8593b966a8d749dc8668a212c20f8a38,@martianrobotics,0,0,0,0,0,0,0,0,0,0,1,0,0,0,0,0,0,0,0,0,1,0,0,0,0,0,0,0,0,0,0,0,0,0,0,0,0,0,0,0,1,0,0,3
,,,,,['Virtual Store'],0346c84a15d0ac1d724f64cbaf3726fbaa33e6c95d15abd513c1767b9945884fd6,bitbrothersvzla,0,0,0,0,0,0,0,0,0,0,0,0,0,0,0,0,0,0,1,0,0,0,0,0,0,0,0,0,0,0,0,0,0,0,0,0,0,0,0,0,0,0,0,1
https://bitpie.com,Linux,lnd,,,"['Wallet', 'Productivity', 'Payment', 'Open Source', 'Commercial']",027e70d8859e090ed975b11cfa02109221482954a254dff185e4142188eb66518b,BitpieWallet,0,0,0,0,0,0,0,0,0,0,1,1,0,0,0,0,0,0,0,1,1,0,0,0,0,0,0,0,0,0,0,0,0,0,0,0,0,0,0,0,0,0,0,4
https://bitpie.com,Linux,lnd,,,"['Wallet', 'Productivity', 'Payment', 'Open Source', 'Commercial']",03fc5a69864026e1f38a3dbb18706ac34690fff88813845720fc1bcf70774f4da1,BitpieWallet,0,0,0,0,0,0,0,0,0,0,1,1,0,0,0,0,0,0,0,1,1,0,0,0,0,0,0,0,0,0,0,0,0,0,0,0,0,0,0,0,0,0,0,4
http://www.comansservices.com.au,Ubuntu,c-lightning,,,"['Security', 'Open Source', 'Merchant Service', 'Internet of Things', 'Consulting']",021b450a2fa186b54e7ddb8849d72fb0f46f203758cff101cc4ed0235e7676e648,@comansservices,0,0,0,1,0,0,0,0,0,0,0,0,0,0,0,0,0,0,0,0,0,0,0,0,1,0,0,0,1,0,0,0,0,0,0,1,0,0,0,0,0,0,0,4
,,,,,['Economics'],035830c16ebd9791379d05ee2e17053bb599d760cd5e2d2692c6bc96a3d8c50680,@CheaperWCrypto,0,0,0,0,0,0,0,0,0,0,0,0,0,0,0,0,0,1,0,0,0,0,0,0,0,0,0,0,0,0,0,0,0,0,0,0,0,0,0,0,0,0,0,1
,Windows 10,eclair,,,"['Merchant Service', 'Exchange', 'Commercial']",021846ed3366cbec5ff48e53a580047f71729a49c5bea6c5f8c9a9582790399a20,,0,0,0,1,0,0,0,0,0,0,0,1,0,0,0,0,0,0,0,0,0,0,0,0,0,0,0,0,0,0,0,0,0,1,0,0,0,0,0,0,0,0,0,3
http://www.viprutv.com,CentOS 7,c-lightning,,,['Video'],029cf833ceef83b31b2e202d46c99c2dc9b5fa56259d8b84d128ee37e65e4e96d3,,0,0,0,0,0,0,0,0,0,0,0,0,0,0,0,0,0,0,0,0,0,0,0,0,0,0,0,0,0,0,0,0,0,0,0,0,0,0,1,0,0,0,0,1
https://kx.com,Linux,kdb+,https://github.com/jlucid/qlnd/blob/master/doc/LightningTickerplants.md,,"['Testing', 'Payment', 'Open Source', 'Internet of Things']",023bc00c30acc34a5c9cbf78f84aa775cb63f578a69a6f8ec9a7600753d4f9067c,,0,0,0,0,0,0,0,0,0,0,1,0,0,0,0,0,0,0,0,0,0,0,0,0,0,0,0,0,1,0,0,0,0,0,0,0,0,0,0,0,0,0,0,2
http://www.blockandkey.com,Linux,c-lightning,,,"['Server', 'Security', 'Payment', 'Open Source', 'Consulting']",037db7ce71ef503ed0e45aacbd346f3b1af40122d1d0eeb52d574711bb9a5bcf5f,@realBlockandKey,0,0,0,0,0,0,0,0,0,0,1,0,0,0,0,0,0,0,0,0,0,0,0,0,1,0,0,0,0,0,0,0,0,0,0,1,0,0,0,1,0,0,0,4
https://petrkr.net,gentoo,lnd,https://github.com/petrkr,,"['Testing', 'Server', 'Internet of Things']",0357e23939805a0a739b693107f1efd33936023afb7dea6472cd2118df6a0a7036,,0,0,0,0,0,0,0,0,0,0,0,0,0,0,0,0,0,0,0,0,0,0,0,0,0,0,0,0,1,0,0,0,0,0,0,0,0,0,0,1,0,0,0,2
https://lipperts-web.de,,LND,,,"['Payment', 'Merchant Service']",03619d89f577fb20dba8603092de628f0d34733d0598b4f7818cc61655edc84acd,,0,0,0,1,0,0,0,0,0,0,1,0,0,0,0,0,0,0,0,0,0,0,0,0,0,0,0,0,0,0,0,0,0,0,0,0,0,0,0,0,0,0,0,2
,debian,lnd,,,"['Wallet', 'Protocol', 'Payment', 'Open Source', 'Explorer']",034c4d5987d5b3b4704132ce5fefe044f7615c7882ad0ccccbf127ec29729bc7e6,,0,0,0,0,0,0,0,0,0,0,1,0,0,1,0,0,0,0,0,0,1,0,0,0,0,0,0,0,0,0,0,1,0,0,0,0,0,0,0,0,0,0,0,4
http://www.rvn.org/,,c-lightning,,United States,['Payment'],02d8ed2b7f26e54454602e82377520f37cd3f660f9c2485935224411054a477b3b,,0,0,0,0,0,0,0,0,0,0,1,0,0,0,0,0,0,0,0,0,0,0,0,0,0,0,0,0,0,0,0,0,0,0,0,0,0,0,0,0,0,0,0,1
https://www.mycryptomarket.ca/,,eclair,,,"['Virtual Store', 'Payment', 'Merchant Service', 'Economics', 'Apparels']",02f8220c901057c536fc8b4fdffd4f88b8ddd9cf811af03bbf85dd2c1eb25a7262,Crypto_Lord,1,0,0,1,0,0,0,0,0,0,1,0,0,0,0,0,0,1,1,0,0,0,0,0,0,0,0,0,0,0,0,0,0,0,0,0,0,0,0,0,0,0,0,5
http://www.blockandkey.com,,c-lightning,,,"['Server', 'Security', 'Payment', 'Open Source', 'Consulting']",03c63e8146aba2eda617489e08ae0fbe08d54e686c0f296d697c33cd67de4acc08,@realBlockandKey,0,0,0,0,0,0,0,0,0,0,1,0,0,0,0,0,0,0,0,0,0,0,0,0,1,0,0,0,0,0,0,0,0,0,0,1,0,0,0,1,0,0,0,4
,,,,,"['Payment', 'Merchant Service', 'Banking']",02a6af88923fa400b4b21bcdae62c074a49d6ad69562ae6cb68bc63716b8e23edf,,0,0,0,1,0,0,0,0,0,0,1,0,0,0,0,0,0,0,0,0,0,0,0,0,0,0,0,0,0,0,0,0,0,0,0,0,0,0,0,0,1,0,0,3
https://foto.wuestenigel.com/me/,,,,,['Gadgets'],02f4b8a293fd59dec16838394b12f2a8a97c2b3593be24d69f11959253630f63ee,wuestenigel,0,0,0,0,0,0,0,0,0,0,0,0,0,0,0,0,0,0,0,0,0,0,0,0,0,0,0,1,0,0,0,0,0,0,0,0,0,0,0,0,0,0,0,1
https://www.MichaelRihani.com,,,,United States,"['Wallet', 'Payment', 'Banking']",0211ce12089e45ee7a68d0e94ee60c938c72a5317cc78f9ca456b823378501f3fd,MichaelRihani,0,0,0,0,0,0,0,0,0,0,1,0,0,0,0,0,0,0,0,0,1,0,0,0,0,0,0,0,0,0,0,0,0,0,0,0,0,0,0,0,1,0,0,3
